Date,Open,High,Low,Close,Volume,Dividends,Stock Splits,Ticker
2020-01-02 00:00:00-05:00,72.95548912959549,75.55390228597504,72.25591899605806,74.55451202392578,454590,0.0,0.0,AMC
2020-01-03 00:00:00-05:00,74.45457539603542,75.95366080669386,73.05542748780569,73.15536499023438,221800,0.0,0.0,AMC
2020-01-06 00:00:00-05:00,72.45579612199575,72.95549126766467,71.05664818917415,71.15658569335938,290340,0.0,0.0,AMC
2020-01-07 00:00:00-05:00,71.05664812877538,71.95610091516349,69.95732033418673,71.25653076171875,320530,0.0,0.0,AMC
2020-01-08 00:00:00-05:00,71.05664344749928,71.45640106230681,66.05969232426105,66.15962982177734,655700,0.0,0.0,AMC
2020-01-09 00:00:00-05:00,66.55938838802328,66.75927101065543,63.461280172277874,64.56060791015625,679430,0.0,0.0,AMC
2020-01-10 00:00:00-05:00,64.36073285256461,66.65932582513402,64.0609127312657,64.6605453491211,520360,0.0,0.0,AMC
2020-01-13 00:00:00-05:00,64.960364945583,66.35951279243633,64.16084971174041,65.55999755859375,283680,0.0,0.0,AMC
2020-01-14 00:00:00-05:00,65.46005844895858,69.55755676585335,64.46066824363096,68.4582290649414,271310,0.0,0.0,AMC
2020-01-15 00:00:00-05:00,68.45823501947963,73.35524897647856,67.95853987335205,71.05664825439453,466030,0.0,0.0,AMC
2020-01-16 00:00:00-05:00,71.8561621514873,74.35463783391215,71.8561621514873,73.25531005859375,335040,0.0,0.0,AMC
2020-01-17 00:00:00-05:00,73.55512288133681,73.75500551163431,71.25652981848603,72.755615234375,201690,0.0,0.0,AMC
2020-01-21 00:00:00-05:00,72.55573323990565,73.15536588656745,71.4564054502352,71.7562255859375,183140,0.0,0.0,AMC
2020-01-22 00:00:00-05:00,72.05603158596854,72.15596908059143,69.25774361281702,69.6574935913086,271690,0.0,0.0,AMC
2020-01-23 00:00:00-05:00,69.25774456286864,69.95731465956744,66.75926903931267,67.95853424072266,202930,0.0,0.0,AMC
2020-01-24 00:00:00-05:00,67.5587769705282,67.9585345812487,65.95975415238844,67.35890197753906,228280,0.0,0.0,AMC
2020-01-27 00:00:00-05:00,65.06030363404581,65.3601237584082,62.4618905136274,63.56121826171875,316360,0.0,0.0,AMC
2020-01-28 00:00:00-05:00,63.4612783516553,67.9585342978356,62.86164575044637,67.85859680175781,209470,0.0,0.0,AMC
2020-01-29 00:00:00-05:00,68.55816701007477,68.85798712353589,66.85920669977429,67.6587142944336,143820,0.0,0.0,AMC
2020-01-30 00:00:00-05:00,66.15962859758942,68.75804923338715,64.56060579268924,68.35829162597656,164060,0.0,0.0,AMC
2020-01-31 00:00:00-05:00,68.05847337539548,68.65810599053813,64.96036517653975,65.16024017333984,188330,0.0,0.0,AMC
2020-02-03 00:00:00-05:00,64.96036559112312,65.8598183319487,64.06091285029756,64.4606704711914,140570,0.0,0.0,AMC
2020-02-04 00:00:00-05:00,64.5606068211732,66.85920738184534,63.86103671561678,66.4594497680664,200440,0.0,0.0,AMC
2020-02-05 00:00:00-05:00,67.15901794619693,70.95670373099192,66.8592054630239,69.95731353759766,216720,0.0,0.0,AMC
2020-02-06 00:00:00-05:00,70.25713506441873,71.25652527799657,67.25896442368523,67.4588394165039,271340,0.0,0.0,AMC
2020-02-07 00:00:00-05:00,66.95914546587996,67.45884058129697,65.36012262149397,65.4600601196289,206300,0.0,0.0,AMC
2020-02-10 00:00:00-05:00,65.46005877217988,68.25835441081117,64.66054355407317,67.85859680175781,136030,0.0,0.0,AMC
2020-02-11 00:00:00-05:00,67.95853347209889,69.75743887861013,66.45944817492024,69.35768127441406,156850,0.0,0.0,AMC
2020-02-12 00:00:00-05:00,69.25774422190312,70.75682952865651,68.15840889715692,68.55816650390625,192210,0.0,0.0,AMC
2020-02-13 00:00:00-05:00,67.45883805411204,70.75682874220989,67.15901794619693,69.95731353759766,155340,0.0,0.0,AMC
2020-02-14 00:00:00-05:00,70.05725802662356,71.85616360423582,68.75805522034167,70.95671081542969,170600,0.0,0.0,AMC
2020-02-18 00:00:00-05:00,70.85676601800712,72.45578879755651,70.25713342876885,70.35707092285156,214280,0.0,0.0,AMC
2020-02-19 00:00:00-05:00,70.95670949947309,74.3546379581992,70.55695186466836,73.05542755126953,230850,0.0,0.0,AMC
2020-02-20 00:00:00-05:00,73.15536239565034,77.75256359174917,72.05603465843896,77.55268096923828,364910,0.0,0.0,AMC
2020-02-21 00:00:00-05:00,76.9530501777925,77.45274530881714,73.25530925810732,74.55451202392578,303430,0.0,0.0,AMC
2020-02-24 00:00:00-05:00,71.35646878413242,71.35646878413242,68.3582978908894,70.45701599121094,321090,0.0,0.0,AMC
2020-02-25 00:00:00-05:00,69.95731615838204,72.75561185461426,64.76049000794202,65.4600601196289,418100,0.0,0.0,AMC
2020-02-26 00:00:00-05:00,65.6599348895451,66.15963000323949,58.664207110194894,59.26383972167969,717680,0.0,0.0,AMC
2020-02-27 00:00:00-05:00,57.065183168406804,61.962197040070606,51.16878283427451,60.86286926269531,629400,0.0,0.0,AMC
2020-02-28 00:00:00-05:00,65.06030425777925,66.45945214364664,59.763536653917754,62.56182861328125,755590,0.0,0.0,AMC
2020-03-02 00:00:00-05:00,63.06152468614295,63.161466000841656,56.26567159385617,61.062744140625,458540,0.0,0.0,AMC
2020-03-03 00:00:00-05:00,60.96280459964522,61.26262090897251,56.36561102363685,58.064571380615234,384300,0.0,0.0,AMC
2020-03-04 00:00:00-05:00,58.56426644219347,58.96402406248081,54.26688917977505,58.164512634277344,448370,0.0,0.0,AMC
2020-03-05 00:00:00-05:00,55.96585504848426,56.06579255040803,47.47103776433933,49.17000198364258,585310,0.0,0.0,AMC
2020-03-06 00:00:00-05:00,46.20000076293945,47.29999923706055,43.70000076293945,45.29999923706055,459990,0.03,0.0,AMC
2020-03-09 00:00:00-04:00,39.5,40.70000076293945,36.79999923706055,38.5,340400,0.0,0.0,AMC
2020-03-10 00:00:00-04:00,41.70000076293945,42.900001525878906,37.599998474121094,42.0,368700,0.0,0.0,AMC
2020-03-11 00:00:00-04:00,39.79999923706055,40.70000076293945,35.599998474121094,36.400001525878906,405940,0.0,0.0,AMC
2020-03-12 00:00:00-04:00,26.799999237060547,31.5,26.5,29.100000381469727,805800,0.0,0.0,AMC
2020-03-13 00:00:00-04:00,31.399999618530273,32.70000076293945,28.0,32.20000076293945,615830,0.0,0.0,AMC
2020-03-16 00:00:00-04:00,26.399999618530273,29.0,26.0,26.0,849790,0.0,0.0,AMC
2020-03-17 00:00:00-04:00,26.200000762939453,27.5,19.5,24.799999237060547,768570,0.0,0.0,AMC
2020-03-18 00:00:00-04:00,22.799999237060547,30.0,21.100000381469727,24.700000762939453,775350,0.0,0.0,AMC
2020-03-19 00:00:00-04:00,26.399999618530273,34.70000076293945,23.799999237060547,33.70000076293945,861460,0.0,0.0,AMC
2020-03-20 00:00:00-04:00,34.0,36.0,30.200000762939453,31.899999618530273,575400,0.0,0.0,AMC
2020-03-23 00:00:00-04:00,32.29999923706055,34.0,27.100000381469727,31.5,648130,0.0,0.0,AMC
2020-03-24 00:00:00-04:00,35.0,35.599998474121094,32.70000076293945,35.599998474121094,516830,0.0,0.0,AMC
2020-03-25 00:00:00-04:00,39.20000076293945,39.79999923706055,32.5,34.599998474121094,811290,0.0,0.0,AMC
2020-03-26 00:00:00-04:00,34.599998474121094,39.5,34.400001525878906,37.0,509470,0.0,0.0,AMC
2020-03-27 00:00:00-04:00,35.70000076293945,37.5,33.0,36.0,343140,0.0,0.0,AMC
2020-03-30 00:00:00-04:00,34.5,35.0,30.399999618530273,30.399999618530273,421970,0.0,0.0,AMC
2020-03-31 00:00:00-04:00,31.5,32.900001525878906,30.799999237060547,31.600000381469727,363710,0.0,0.0,AMC
2020-04-01 00:00:00-04:00,30.0,30.399999618530273,25.0,26.200000762939453,589860,0.0,0.0,AMC
2020-04-02 00:00:00-04:00,27.399999618530273,27.799999237060547,21.799999237060547,22.399999618530273,880810,0.0,0.0,AMC
2020-04-03 00:00:00-04:00,23.200000762939453,23.399999618530273,20.0,22.700000762939453,749340,0.0,0.0,AMC
2020-04-06 00:00:00-04:00,25.0,29.700000762939453,24.0,28.799999237060547,691200,0.0,0.0,AMC
2020-04-07 00:00:00-04:00,31.700000762939453,37.29999923706055,30.5,31.399999618530273,897710,0.0,0.0,AMC
2020-04-08 00:00:00-04:00,30.5,33.20000076293945,28.0,33.0,799760,0.0,0.0,AMC
2020-04-09 00:00:00-04:00,33.0,33.0,25.799999237060547,26.0,1398120,0.0,0.0,AMC
2020-04-13 00:00:00-04:00,23.399999618530273,23.600000381469727,19.5,20.799999237060547,1978410,0.0,0.0,AMC
2020-04-14 00:00:00-04:00,22.100000381469727,23.700000762939453,21.399999618530273,21.799999237060547,1174790,0.0,0.0,AMC
2020-04-15 00:00:00-04:00,21.5,24.600000381469727,20.200000762939453,24.100000381469727,1137800,0.0,0.0,AMC
2020-04-16 00:00:00-04:00,23.5,24.899999618530273,21.5,24.399999618530273,629080,0.0,0.0,AMC
2020-04-17 00:00:00-04:00,38.5,38.5,30.5,32.0,2679990,0.0,0.0,AMC
2020-04-20 00:00:00-04:00,32.20000076293945,34.400001525878906,30.600000381469727,31.799999237060547,1078720,0.0,0.0,AMC
2020-04-21 00:00:00-04:00,32.0,33.79999923706055,31.5,32.5,578840,0.0,0.0,AMC
2020-04-22 00:00:00-04:00,33.900001525878906,33.900001525878906,31.600000381469727,31.799999237060547,456860,0.0,0.0,AMC
2020-04-23 00:00:00-04:00,32.0,32.5,30.799999237060547,31.100000381469727,431880,0.0,0.0,AMC
2020-04-24 00:00:00-04:00,31.399999618530273,32.0,30.200000762939453,30.5,362370,0.0,0.0,AMC
2020-04-27 00:00:00-04:00,31.899999618530273,34.0,30.600000381469727,33.599998474121094,566720,0.0,0.0,AMC
2020-04-28 00:00:00-04:00,38.20000076293945,47.5,35.0,41.400001525878906,2160110,0.0,0.0,AMC
2020-04-29 00:00:00-04:00,45.400001525878906,55.29999923706055,44.70000076293945,51.900001525878906,2716240,0.0,0.0,AMC
2020-04-30 00:00:00-04:00,50.099998474121094,50.900001525878906,45.0,49.20000076293945,1123560,0.0,0.0,AMC
2020-05-01 00:00:00-04:00,46.20000076293945,47.0,43.0,45.70000076293945,674680,0.0,0.0,AMC
2020-05-04 00:00:00-04:00,41.099998474121094,47.79999923706055,40.0,43.0,560140,0.0,0.0,AMC
2020-05-05 00:00:00-04:00,46.70000076293945,46.900001525878906,38.099998474121094,38.900001525878906,750450,0.0,0.0,AMC
2020-05-06 00:00:00-04:00,40.79999923706055,41.0,38.29999923706055,39.20000076293945,310570,0.0,0.0,AMC
2020-05-07 00:00:00-04:00,40.099998474121094,41.79999923706055,39.5,39.900001525878906,410580,0.0,0.0,AMC
2020-05-08 00:00:00-04:00,41.400001525878906,42.20000076293945,40.400001525878906,41.0,357120,0.0,0.0,AMC
2020-05-11 00:00:00-04:00,64.0,64.0999984741211,48.900001525878906,53.20000076293945,10655330,0.0,0.0,AMC
2020-05-12 00:00:00-04:00,57.70000076293945,58.400001525878906,49.099998474121094,51.20000076293945,1968190,0.0,0.0,AMC
2020-05-13 00:00:00-04:00,50.20000076293945,50.29999923706055,45.099998474121094,46.0,1043340,0.0,0.0,AMC
2020-05-14 00:00:00-04:00,42.5,46.5,40.79999923706055,45.5,592050,0.0,0.0,AMC
2020-05-15 00:00:00-04:00,44.70000076293945,46.20000076293945,44.400001525878906,45.20000076293945,348320,0.0,0.0,AMC
2020-05-18 00:00:00-04:00,48.0,49.29999923706055,46.29999923706055,47.20000076293945,603690,0.0,0.0,AMC
2020-05-19 00:00:00-04:00,48.20000076293945,49.79999923706055,45.0,45.599998474121094,492980,0.0,0.0,AMC
2020-05-20 00:00:00-04:00,46.900001525878906,47.5,45.900001525878906,46.599998474121094,348950,0.0,0.0,AMC
2020-05-21 00:00:00-04:00,46.79999923706055,47.900001525878906,45.5,46.29999923706055,455500,0.0,0.0,AMC
2020-05-22 00:00:00-04:00,46.599998474121094,46.79999923706055,45.599998474121094,45.79999923706055,240880,0.0,0.0,AMC
2020-05-26 00:00:00-04:00,48.0,51.400001525878906,47.0,51.099998474121094,886410,0.0,0.0,AMC
2020-05-27 00:00:00-04:00,54.79999923706055,56.5,51.099998474121094,56.0,786240,0.0,0.0,AMC
2020-05-28 00:00:00-04:00,56.5,56.79999923706055,50.20000076293945,50.70000076293945,659020,0.0,0.0,AMC
2020-05-29 00:00:00-04:00,50.0,53.79999923706055,48.29999923706055,51.29999923706055,515300,0.0,0.0,AMC
2020-06-01 00:00:00-04:00,50.29999923706055,53.70000076293945,50.20000076293945,53.099998474121094,391310,0.0,0.0,AMC
2020-06-02 00:00:00-04:00,53.5,56.5,53.29999923706055,55.900001525878906,687780,0.0,0.0,AMC
2020-06-03 00:00:00-04:00,52.70000076293945,59.900001525878906,50.900001525878906,54.5,1535370,0.0,0.0,AMC
2020-06-04 00:00:00-04:00,51.70000076293945,54.0,50.0,53.79999923706055,857260,0.0,0.0,AMC
2020-06-05 00:00:00-04:00,57.79999923706055,61.5,56.400001525878906,59.099998474121094,924090,0.0,0.0,AMC
2020-06-08 00:00:00-04:00,62.70000076293945,68.4000015258789,61.70000076293945,64.5,858710,0.0,0.0,AMC
2020-06-09 00:00:00-04:00,61.0,61.900001525878906,55.599998474121094,59.900001525878906,739430,0.0,0.0,AMC
2020-06-10 00:00:00-04:00,73.0,73.5,62.79999923706055,62.900001525878906,1532260,0.0,0.0,AMC
2020-06-11 00:00:00-04:00,55.29999923706055,56.5,50.0,51.70000076293945,917940,0.0,0.0,AMC
2020-06-12 00:00:00-04:00,56.900001525878906,59.29999923706055,52.20000076293945,58.900001525878906,735290,0.0,0.0,AMC
2020-06-15 00:00:00-04:00,54.20000076293945,59.29999923706055,53.0,58.0,554140,0.0,0.0,AMC
2020-06-16 00:00:00-04:00,60.20000076293945,60.599998474121094,55.0,55.599998474121094,591190,0.0,0.0,AMC
2020-06-17 00:00:00-04:00,54.099998474121094,56.29999923706055,53.099998474121094,54.20000076293945,303080,0.0,0.0,AMC
2020-06-18 00:00:00-04:00,53.5,57.20000076293945,53.400001525878906,56.29999923706055,561970,0.0,0.0,AMC
2020-06-19 00:00:00-04:00,62.0,62.5,54.599998474121094,55.20000076293945,1313740,0.0,0.0,AMC
2020-06-22 00:00:00-04:00,54.79999923706055,54.79999923706055,52.099998474121094,53.29999923706055,441280,0.0,0.0,AMC
2020-06-23 00:00:00-04:00,53.70000076293945,54.0,50.400001525878906,51.0,569930,0.0,0.0,AMC
2020-06-24 00:00:00-04:00,49.900001525878906,51.20000076293945,45.099998474121094,47.900001525878906,810410,0.0,0.0,AMC
2020-06-25 00:00:00-04:00,45.70000076293945,45.900001525878906,41.70000076293945,42.70000076293945,825140,0.0,0.0,AMC
2020-06-26 00:00:00-04:00,42.599998474121094,46.900001525878906,41.5,41.79999923706055,560100,0.0,0.0,AMC
2020-06-29 00:00:00-04:00,39.099998474121094,44.400001525878906,37.5,44.20000076293945,932160,0.0,0.0,AMC
2020-06-30 00:00:00-04:00,43.400001525878906,43.599998474121094,42.099998474121094,42.900001525878906,365340,0.0,0.0,AMC
2020-07-01 00:00:00-04:00,42.599998474121094,46.0,42.599998474121094,45.70000076293945,491450,0.0,0.0,AMC
2020-07-02 00:00:00-04:00,46.900001525878906,46.900001525878906,44.70000076293945,45.29999923706055,390840,0.0,0.0,AMC
2020-07-06 00:00:00-04:00,46.20000076293945,46.400001525878906,41.29999923706055,42.79999923706055,548970,0.0,0.0,AMC
2020-07-07 00:00:00-04:00,41.79999923706055,42.900001525878906,40.79999923706055,41.29999923706055,266760,0.0,0.0,AMC
2020-07-08 00:00:00-04:00,44.900001525878906,45.20000076293945,42.0,44.29999923706055,558680,0.0,0.0,AMC
2020-07-09 00:00:00-04:00,44.79999923706055,46.0,41.79999923706055,45.70000076293945,422570,0.0,0.0,AMC
2020-07-10 00:00:00-04:00,43.900001525878906,46.0,43.79999923706055,46.0,330610,0.0,0.0,AMC
2020-07-13 00:00:00-04:00,47.599998474121094,48.20000076293945,42.5,42.599998474121094,446480,0.0,0.0,AMC
2020-07-14 00:00:00-04:00,42.5,42.70000076293945,41.0,42.20000076293945,329140,0.0,0.0,AMC
2020-07-15 00:00:00-04:00,43.70000076293945,45.79999923706055,42.20000076293945,45.0,483070,0.0,0.0,AMC
2020-07-16 00:00:00-04:00,43.29999923706055,44.79999923706055,43.099998474121094,43.79999923706055,199750,0.0,0.0,AMC
2020-07-17 00:00:00-04:00,43.599998474121094,43.70000076293945,42.0,42.70000076293945,210170,0.0,0.0,AMC
2020-07-20 00:00:00-04:00,42.099998474121094,42.29999923706055,40.70000076293945,41.5,239310,0.0,0.0,AMC
2020-07-21 00:00:00-04:00,41.5,42.400001525878906,40.79999923706055,41.5,192590,0.0,0.0,AMC
2020-07-22 00:00:00-04:00,41.0,41.70000076293945,40.0,40.29999923706055,279880,0.0,0.0,AMC
2020-07-23 00:00:00-04:00,40.79999923706055,41.79999923706055,40.0,40.599998474121094,361430,0.0,0.0,AMC
2020-07-24 00:00:00-04:00,40.0,41.79999923706055,39.599998474121094,40.0,328240,0.0,0.0,AMC
2020-07-27 00:00:00-04:00,40.099998474121094,40.29999923706055,38.099998474121094,38.70000076293945,298050,0.0,0.0,AMC
2020-07-28 00:00:00-04:00,38.5,42.5,38.400001525878906,41.5,622660,0.0,0.0,AMC
2020-07-29 00:00:00-04:00,40.70000076293945,42.0,39.5,41.599998474121094,548940,0.0,0.0,AMC
2020-07-30 00:00:00-04:00,41.20000076293945,43.400001525878906,40.599998474121094,41.20000076293945,369910,0.0,0.0,AMC
2020-07-31 00:00:00-04:00,40.79999923706055,41.5,39.5,40.400001525878906,258490,0.0,0.0,AMC
2020-08-03 00:00:00-04:00,40.5,42.0,38.599998474121094,41.099998474121094,404710,0.0,0.0,AMC
2020-08-04 00:00:00-04:00,40.70000076293945,42.400001525878906,40.599998474121094,41.0,326780,0.0,0.0,AMC
2020-08-05 00:00:00-04:00,40.79999923706055,41.70000076293945,40.70000076293945,41.5,169150,0.0,0.0,AMC
2020-08-06 00:00:00-04:00,41.099998474121094,42.400001525878906,39.900001525878906,41.400001525878906,374260,0.0,0.0,AMC
2020-08-07 00:00:00-04:00,41.400001525878906,52.599998474121094,40.900001525878906,47.5,2491740,0.0,0.0,AMC
2020-08-10 00:00:00-04:00,46.5,47.400001525878906,43.5,44.70000076293945,504820,0.0,0.0,AMC
2020-08-11 00:00:00-04:00,47.0,48.5,45.400001525878906,45.599998474121094,579480,0.0,0.0,AMC
2020-08-12 00:00:00-04:00,46.20000076293945,47.599998474121094,45.599998474121094,46.400001525878906,245790,0.0,0.0,AMC
2020-08-13 00:00:00-04:00,51.0,57.70000076293945,48.20000076293945,53.099998474121094,2325920,0.0,0.0,AMC
2020-08-14 00:00:00-04:00,55.599998474121094,56.29999923706055,50.5,55.400001525878906,1205580,0.0,0.0,AMC
2020-08-17 00:00:00-04:00,57.20000076293945,58.5,54.29999923706055,56.0,715920,0.0,0.0,AMC
2020-08-18 00:00:00-04:00,55.70000076293945,55.70000076293945,51.29999923706055,53.5,579070,0.0,0.0,AMC
2020-08-19 00:00:00-04:00,53.400001525878906,54.70000076293945,51.79999923706055,53.900001525878906,572830,0.0,0.0,AMC
2020-08-20 00:00:00-04:00,55.70000076293945,57.79999923706055,53.0,56.900001525878906,1372840,0.0,0.0,AMC
2020-08-21 00:00:00-04:00,56.79999923706055,56.79999923706055,51.79999923706055,51.900001525878906,821690,0.0,0.0,AMC
2020-08-24 00:00:00-04:00,53.5,54.5,49.400001525878906,54.099998474121094,849820,0.0,0.0,AMC
2020-08-25 00:00:00-04:00,54.599998474121094,55.79999923706055,52.099998474121094,55.400001525878906,529690,0.0,0.0,AMC
2020-08-26 00:00:00-04:00,54.5,56.70000076293945,53.29999923706055,56.0,441940,0.0,0.0,AMC
2020-08-27 00:00:00-04:00,58.099998474121094,71.0,57.0,65.19999694824219,3192120,0.0,0.0,AMC
2020-08-28 00:00:00-04:00,64.9000015258789,65.4000015258789,61.099998474121094,63.0,988270,0.0,0.0,AMC
2020-08-31 00:00:00-04:00,63.29999923706055,64.5,57.599998474121094,58.79999923706055,982020,0.0,0.0,AMC
2020-09-01 00:00:00-04:00,57.900001525878906,61.79999923706055,57.900001525878906,60.70000076293945,952400,0.0,0.0,AMC
2020-09-02 00:00:00-04:00,70.0999984741211,77.0999984741211,64.5999984741211,70.4000015258789,4305620,0.0,0.0,AMC
2020-09-03 00:00:00-04:00,69.4000015258789,71.4000015258789,64.80000305175781,66.0,1062660,0.0,0.0,AMC
2020-09-04 00:00:00-04:00,67.5999984741211,70.19999694824219,62.29999923706055,70.19999694824219,932880,0.0,0.0,AMC
2020-09-08 00:00:00-04:00,67.5999984741211,69.5,63.70000076293945,64.19999694824219,666740,0.0,0.0,AMC
2020-09-09 00:00:00-04:00,65.4000015258789,65.4000015258789,61.099998474121094,62.599998474121094,557820,0.0,0.0,AMC
2020-09-10 00:00:00-04:00,62.79999923706055,63.599998474121094,58.79999923706055,59.400001525878906,588180,0.0,0.0,AMC
2020-09-11 00:00:00-04:00,60.599998474121094,60.70000076293945,56.0,57.900001525878906,486300,0.0,0.0,AMC
2020-09-14 00:00:00-04:00,58.400001525878906,58.70000076293945,55.099998474121094,55.400001525878906,463810,0.0,0.0,AMC
2020-09-15 00:00:00-04:00,56.0,58.70000076293945,55.20000076293945,55.20000076293945,509930,0.0,0.0,AMC
2020-09-16 00:00:00-04:00,55.20000076293945,58.79999923706055,54.20000076293945,57.599998474121094,438060,0.0,0.0,AMC
2020-09-17 00:00:00-04:00,56.70000076293945,57.900001525878906,55.79999923706055,57.20000076293945,261970,0.0,0.0,AMC
2020-09-18 00:00:00-04:00,57.099998474121094,57.400001525878906,55.70000076293945,56.70000076293945,242850,0.0,0.0,AMC
2020-09-21 00:00:00-04:00,54.20000076293945,54.79999923706055,50.099998474121094,53.20000076293945,456320,0.0,0.0,AMC
2020-09-22 00:00:00-04:00,52.20000076293945,53.20000076293945,51.400001525878906,52.099998474121094,209010,0.0,0.0,AMC
2020-09-23 00:00:00-04:00,52.20000076293945,52.900001525878906,47.400001525878906,47.79999923706055,428520,0.0,0.0,AMC
2020-09-24 00:00:00-04:00,46.900001525878906,49.0,43.599998474121094,46.099998474121094,456970,0.0,0.0,AMC
2020-09-25 00:00:00-04:00,46.400001525878906,49.29999923706055,45.0,48.79999923706055,237550,0.0,0.0,AMC
2020-09-28 00:00:00-04:00,50.400001525878906,50.400001525878906,46.099998474121094,49.099998474121094,467650,0.0,0.0,AMC
2020-09-29 00:00:00-04:00,48.79999923706055,49.400001525878906,47.5,48.599998474121094,252000,0.0,0.0,AMC
2020-09-30 00:00:00-04:00,48.0,49.5,47.0,47.099998474121094,251540,0.0,0.0,AMC
2020-10-01 00:00:00-04:00,47.79999923706055,48.0,46.29999923706055,46.5,322380,0.0,0.0,AMC
2020-10-02 00:00:00-04:00,44.79999923706055,46.599998474121094,44.20000076293945,46.5,357600,0.0,0.0,AMC
2020-10-05 00:00:00-04:00,43.0,43.599998474121094,40.5,41.29999923706055,946880,0.0,0.0,AMC
2020-10-06 00:00:00-04:00,42.599998474121094,42.70000076293945,40.5,40.599998474121094,840420,0.0,0.0,AMC
2020-10-07 00:00:00-04:00,40.79999923706055,41.099998474121094,39.400001525878906,40.400001525878906,691770,0.0,0.0,AMC
2020-10-08 00:00:00-04:00,41.29999923706055,41.79999923706055,40.20000076293945,41.400001525878906,786850,0.0,0.0,AMC
2020-10-09 00:00:00-04:00,41.70000076293945,41.79999923706055,40.400001525878906,40.5,502140,0.0,0.0,AMC
2020-10-12 00:00:00-04:00,40.29999923706055,40.900001525878906,40.0,40.79999923706055,324570,0.0,0.0,AMC
2020-10-13 00:00:00-04:00,39.0,39.099998474121094,35.20000076293945,35.400001525878906,1016470,0.0,0.0,AMC
2020-10-14 00:00:00-04:00,30.899999618530273,32.0,26.600000381469727,29.600000381469727,3170940,0.0,0.0,AMC
2020-10-15 00:00:00-04:00,28.399999618530273,29.600000381469727,27.600000381469727,27.799999237060547,980860,0.0,0.0,AMC
2020-10-16 00:00:00-04:00,28.700000762939453,32.900001525878906,28.0,30.399999618530273,1856580,0.0,0.0,AMC
2020-10-19 00:00:00-04:00,33.099998474121094,38.79999923706055,32.29999923706055,35.400001525878906,4038510,0.0,0.0,AMC
2020-10-20 00:00:00-04:00,33.0,33.099998474121094,30.5,30.899999618530273,1597880,0.0,0.0,AMC
2020-10-21 00:00:00-04:00,31.0,31.299999237060547,29.799999237060547,30.0,727730,0.0,0.0,AMC
2020-10-22 00:00:00-04:00,29.600000381469727,31.5,28.399999618530273,31.200000762939453,1233960,0.0,0.0,AMC
2020-10-23 00:00:00-04:00,31.299999237060547,31.5,29.5,29.700000762939453,663500,0.0,0.0,AMC
2020-10-26 00:00:00-04:00,29.200000762939453,29.299999237060547,26.799999237060547,27.5,1045880,0.0,0.0,AMC
2020-10-27 00:00:00-04:00,28.799999237060547,29.0,26.100000381469727,27.899999618530273,1125130,0.0,0.0,AMC
2020-10-28 00:00:00-04:00,26.899999618530273,27.399999618530273,25.799999237060547,26.100000381469727,814110,0.0,0.0,AMC
2020-10-29 00:00:00-04:00,26.5,26.799999237060547,24.799999237060547,25.200000762939453,901930,0.0,0.0,AMC
2020-10-30 00:00:00-04:00,24.799999237060547,24.899999618530273,22.799999237060547,23.600000381469727,1096880,0.0,0.0,AMC
2020-11-02 00:00:00-05:00,23.0,23.200000762939453,21.100000381469727,21.5,1118010,0.0,0.0,AMC
2020-11-03 00:00:00-05:00,23.399999618530273,25.899999618530273,23.0,23.399999618530273,1544190,0.0,0.0,AMC
2020-11-04 00:00:00-05:00,24.0,24.299999237060547,22.399999618530273,23.100000381469727,760910,0.0,0.0,AMC
2020-11-05 00:00:00-05:00,23.5,25.700000762939453,22.700000762939453,24.600000381469727,805620,0.0,0.0,AMC
2020-11-06 00:00:00-05:00,24.299999237060547,26.200000762939453,23.299999237060547,24.899999618530273,904950,0.0,0.0,AMC
2020-11-09 00:00:00-05:00,42.70000076293945,43.900001525878906,32.29999923706055,37.70000076293945,13251100,0.0,0.0,AMC
2020-11-10 00:00:00-05:00,39.900001525878906,40.29999923706055,33.400001525878906,35.099998474121094,4212930,0.0,0.0,AMC
2020-11-11 00:00:00-05:00,32.29999923706055,32.400001525878906,30.0,31.299999237060547,2406610,0.0,0.0,AMC
2020-11-12 00:00:00-05:00,30.700000762939453,30.700000762939453,29.200000762939453,29.399999618530273,1472900,0.0,0.0,AMC
2020-11-13 00:00:00-05:00,29.799999237060547,29.899999618530273,27.799999237060547,29.700000762939453,2199540,0.0,0.0,AMC
2020-11-16 00:00:00-05:00,33.900001525878906,33.900001525878906,30.5,31.100000381469727,4760430,0.0,0.0,AMC
2020-11-17 00:00:00-05:00,30.100000381469727,30.399999618530273,29.0,29.799999237060547,2248300,0.0,0.0,AMC
2020-11-18 00:00:00-05:00,30.799999237060547,33.70000076293945,30.100000381469727,32.599998474121094,3171730,0.0,0.0,AMC
2020-11-19 00:00:00-05:00,31.600000381469727,33.79999923706055,31.5,31.899999618530273,1398640,0.0,0.0,AMC
2020-11-20 00:00:00-05:00,32.5,33.70000076293945,32.099998474121094,33.5,1708880,0.0,0.0,AMC
2020-11-23 00:00:00-05:00,35.099998474121094,38.5,34.099998474121094,38.099998474121094,3151460,0.0,0.0,AMC
2020-11-24 00:00:00-05:00,41.599998474121094,50.0,41.5,45.79999923706055,6288460,0.0,0.0,AMC
2020-11-25 00:00:00-05:00,45.70000076293945,48.5,42.0,44.900001525878906,2264730,0.0,0.0,AMC
2020-11-27 00:00:00-05:00,45.400001525878906,46.20000076293945,43.599998474121094,44.5,1009740,0.0,0.0,AMC
2020-11-30 00:00:00-05:00,44.099998474121094,44.5,39.900001525878906,42.70000076293945,1655500,0.0,0.0,AMC
2020-12-01 00:00:00-05:00,44.29999923706055,44.29999923706055,40.900001525878906,41.5,1213010,0.0,0.0,AMC
2020-12-02 00:00:00-05:00,40.79999923706055,43.400001525878906,39.5,43.20000076293945,1184760,0.0,0.0,AMC
2020-12-03 00:00:00-05:00,40.099998474121094,42.20000076293945,35.0,36.29999923706055,6608090,0.0,0.0,AMC
2020-12-04 00:00:00-05:00,37.5,37.599998474121094,33.0,35.099998474121094,3315730,0.0,0.0,AMC
2020-12-07 00:00:00-05:00,34.5,37.400001525878906,33.29999923706055,35.599998474121094,2050390,0.0,0.0,AMC
2020-12-08 00:00:00-05:00,36.099998474121094,40.20000076293945,36.099998474121094,39.79999923706055,2953060,0.0,0.0,AMC
2020-12-09 00:00:00-05:00,42.20000076293945,43.29999923706055,37.5,38.599998474121094,2099120,0.0,0.0,AMC
2020-12-10 00:00:00-05:00,37.900001525878906,41.0,37.70000076293945,40.900001525878906,1987280,0.0,0.0,AMC
2020-12-11 00:00:00-05:00,40.400001525878906,42.5,38.70000076293945,39.20000076293945,2231040,0.0,0.0,AMC
2020-12-14 00:00:00-05:00,40.099998474121094,40.099998474121094,30.0,31.899999618530273,6715900,0.0,0.0,AMC
2020-12-15 00:00:00-05:00,32.400001525878906,32.400001525878906,27.600000381469727,28.600000381469727,5443210,0.0,0.0,AMC
2020-12-16 00:00:00-05:00,28.700000762939453,28.899999618530273,27.200000762939453,27.799999237060547,2542320,0.0,0.0,AMC
2020-12-17 00:00:00-05:00,28.0,29.5,27.399999618530273,28.5,2379930,0.0,0.0,AMC
2020-12-18 00:00:00-05:00,28.5,28.5,27.600000381469727,28.0,2194170,0.0,0.0,AMC
2020-12-21 00:00:00-05:00,26.100000381469727,27.399999618530273,25.799999237060547,26.799999237060547,2269980,0.0,0.0,AMC
2020-12-22 00:00:00-05:00,27.299999237060547,27.5,25.200000762939453,25.899999618530273,2163840,0.0,0.0,AMC
2020-12-23 00:00:00-05:00,25.799999237060547,26.5,25.399999618530273,25.600000381469727,1572480,0.0,0.0,AMC
2020-12-24 00:00:00-05:00,25.899999618530273,26.0,24.799999237060547,25.100000381469727,1109420,0.0,0.0,AMC
2020-12-28 00:00:00-05:00,26.299999237060547,26.299999237060547,23.600000381469727,23.899999618530273,2394270,0.0,0.0,AMC
2020-12-29 00:00:00-05:00,24.399999618530273,24.600000381469727,22.799999237060547,22.899999618530273,2108610,0.0,0.0,AMC
2020-12-30 00:00:00-05:00,23.0,23.0,21.299999237060547,21.600000381469727,4027840,0.0,0.0,AMC
2020-12-31 00:00:00-05:00,21.700000762939453,22.200000762939453,20.799999237060547,21.200000762939453,2823430,0.0,0.0,AMC
2021-01-04 00:00:00-05:00,22.0,22.0,20.0,20.100000381469727,2987380,0.0,0.0,AMC
2021-01-05 00:00:00-05:00,19.899999618530273,20.299999237060547,19.100000381469727,19.799999237060547,2814830,0.0,0.0,AMC
2021-01-06 00:00:00-05:00,20.299999237060547,22.299999237060547,19.700000762939453,20.100000381469727,6736330,0.0,0.0,AMC
2021-01-07 00:00:00-05:00,20.799999237060547,21.100000381469727,20.200000762939453,20.5,2615050,0.0,0.0,AMC
2021-01-08 00:00:00-05:00,20.899999618530273,22.100000381469727,20.700000762939453,21.399999618530273,3955330,0.0,0.0,AMC
2021-01-11 00:00:00-05:00,21.600000381469727,22.700000762939453,21.5,22.0,4169580,0.0,0.0,AMC
2021-01-12 00:00:00-05:00,22.399999618530273,23.899999618530273,22.399999618530273,22.899999618530273,4154920,0.0,0.0,AMC
2021-01-13 00:00:00-05:00,23.299999237060547,23.799999237060547,21.299999237060547,21.799999237060547,4584770,0.0,0.0,AMC
2021-01-14 00:00:00-05:00,22.200000762939453,23.200000762939453,21.299999237060547,21.799999237060547,4963880,0.0,0.0,AMC
2021-01-15 00:00:00-05:00,22.0,25.5,21.799999237060547,23.299999237060547,16235640,0.0,0.0,AMC
2021-01-19 00:00:00-05:00,28.0,32.0,25.700000762939453,30.600000381469727,25627600,0.0,0.0,AMC
2021-01-20 00:00:00-05:00,32.900001525878906,33.400001525878906,27.5,29.700000762939453,18186220,0.0,0.0,AMC
2021-01-21 00:00:00-05:00,30.0,30.600000381469727,28.5,29.799999237060547,6482380,0.0,0.0,AMC
2021-01-22 00:00:00-05:00,29.100000381469727,37.400001525878906,28.100000381469727,35.099998474121094,26827340,0.0,0.0,AMC
2021-01-25 00:00:00-05:00,47.099998474121094,48.79999923706055,38.5,44.20000076293945,44323810,0.0,0.0,AMC
2021-01-26 00:00:00-05:00,50.900001525878906,51.900001525878906,43.70000076293945,49.599998474121094,45685020,0.0,0.0,AMC
2021-01-27 00:00:00-05:00,203.39999389648438,203.60000610351562,110.0999984741211,199.0,122234250,0.0,0.0,AMC
2021-01-28 00:00:00-05:00,119.80000305175781,165.0,65.0999984741211,86.30000305175781,59122390,0.0,0.0,AMC
2021-01-29 00:00:00-05:00,143.10000610351562,160.0,116.0,132.60000610351562,60219330,0.0,0.0,AMC
2021-02-01 00:00:00-05:00,170.0,172.5,129.10000610351562,133.0,43460800,0.0,0.0,AMC
2021-02-02 00:00:00-05:00,94.80000305175781,101.0,60.0,78.19999694824219,46277590,0.0,0.0,AMC
2021-02-03 00:00:00-05:00,88.5,97.69999694824219,78.9000015258789,89.69999694824219,22140510,0.0,0.0,AMC
2021-02-04 00:00:00-05:00,87.0,87.4000015258789,70.0,70.9000015258789,16298580,0.0,0.0,AMC
2021-02-05 00:00:00-05:00,71.69999694824219,82.69999694824219,65.19999694824219,68.30000305175781,19709760,0.0,0.0,AMC
2021-02-08 00:00:00-05:00,68.80000305175781,68.9000015258789,57.5,61.79999923706055,12817150,0.0,0.0,AMC
2021-02-09 00:00:00-05:00,58.099998474121094,58.099998474121094,52.599998474121094,55.0,10258810,0.0,0.0,AMC
2021-02-10 00:00:00-05:00,57.099998474121094,65.9000015258789,54.5,58.0,15281080,0.0,0.0,AMC
2021-02-11 00:00:00-05:00,56.20000076293945,58.5,54.70000076293945,56.099998474121094,5592040,0.0,0.0,AMC
2021-02-12 00:00:00-05:00,57.20000076293945,59.70000076293945,55.20000076293945,55.900001525878906,4677300,0.0,0.0,AMC
2021-02-16 00:00:00-05:00,60.29999923706055,60.5,54.900001525878906,56.5,6116570,0.0,0.0,AMC
2021-02-17 00:00:00-05:00,55.79999923706055,56.20000076293945,53.20000076293945,55.5,3884900,0.0,0.0,AMC
2021-02-18 00:00:00-05:00,58.400001525878906,62.5,54.599998474121094,55.099998474121094,13054080,0.0,0.0,AMC
2021-02-19 00:00:00-05:00,55.400001525878906,57.70000076293945,55.099998474121094,57.0,4024910,0.0,0.0,AMC
2021-02-22 00:00:00-05:00,59.29999923706055,66.80000305175781,57.5,65.5,17340900,0.0,0.0,AMC
2021-02-23 00:00:00-05:00,69.69999694824219,78.5999984741211,60.099998474121094,77.0,26487640,0.0,0.0,AMC
2021-02-24 00:00:00-05:00,72.30000305175781,98.30000305175781,69.9000015258789,90.9000015258789,37688180,0.0,0.0,AMC
2021-02-25 00:00:00-05:00,108.9000015258789,110.0,78.5,82.9000015258789,44571740,0.0,0.0,AMC
2021-02-26 00:00:00-05:00,81.9000015258789,90.0999984741211,76.30000305175781,80.0999984741211,13702800,0.0,0.0,AMC
2021-03-01 00:00:00-05:00,88.5999984741211,94.5,84.19999694824219,91.80000305175781,14358650,0.0,0.0,AMC
2021-03-02 00:00:00-05:00,91.4000015258789,94.0,85.0999984741211,89.30000305175781,7813540,0.0,0.0,AMC
2021-03-03 00:00:00-05:00,89.5,91.4000015258789,85.0,85.80000305175781,5565190,0.0,0.0,AMC
2021-03-04 00:00:00-05:00,82.5,85.9000015258789,75.0,80.30000305175781,7782260,0.0,0.0,AMC
2021-03-05 00:00:00-05:00,80.80000305175781,82.69999694824219,76.30000305175781,80.5,5973410,0.0,0.0,AMC
2021-03-08 00:00:00-05:00,85.30000305175781,94.80000305175781,83.0999984741211,92.9000015258789,11434380,0.0,0.0,AMC
2021-03-09 00:00:00-05:00,93.80000305175781,107.69999694824219,92.19999694824219,105.0,15041560,0.0,0.0,AMC
2021-03-10 00:00:00-05:00,110.19999694824219,124.69999694824219,95.0999984741211,98.5,26191860,0.0,0.0,AMC
2021-03-11 00:00:00-05:00,106.5,108.69999694824219,99.0,102.80000305175781,8393360,0.0,0.0,AMC
2021-03-12 00:00:00-05:00,101.5999984741211,114.0,99.4000015258789,111.5999984741211,11114670,0.0,0.0,AMC
2021-03-15 00:00:00-04:00,121.80000305175781,144.89999389648438,118.5,140.39999389648438,27771330,0.0,0.0,AMC
2021-03-16 00:00:00-04:00,136.1999969482422,136.1999969482422,123.4000015258789,130.1999969482422,12596760,0.0,0.0,AMC
2021-03-17 00:00:00-04:00,132.39999389648438,136.60000610351562,130.0,135.60000610351562,7805360,0.0,0.0,AMC
2021-03-18 00:00:00-04:00,143.39999389648438,145.39999389648438,135.6999969482422,140.0,12141800,0.0,0.0,AMC
2021-03-19 00:00:00-04:00,141.39999389648438,141.8000030517578,132.8000030517578,139.3000030517578,15320600,0.0,0.0,AMC
2021-03-22 00:00:00-04:00,131.5,131.89999389648438,117.5999984741211,124.9000015258789,8876010,0.0,0.0,AMC
2021-03-23 00:00:00-04:00,114.5999984741211,119.30000305175781,103.69999694824219,106.5999984741211,8792320,0.0,0.0,AMC
2021-03-24 00:00:00-04:00,108.19999694824219,112.0999984741211,89.30000305175781,90.19999694824219,8185070,0.0,0.0,AMC
2021-03-25 00:00:00-04:00,89.5999984741211,113.19999694824219,89.5,109.4000015258789,13119280,0.0,0.0,AMC
2021-03-26 00:00:00-04:00,112.69999694824219,115.30000305175781,100.0999984741211,102.4000015258789,8463310,0.0,0.0,AMC
2021-03-29 00:00:00-04:00,103.19999694824219,107.5999984741211,100.9000015258789,103.5,3733070,0.0,0.0,AMC
2021-03-30 00:00:00-04:00,103.0999984741211,105.19999694824219,97.5999984741211,103.5,3902050,0.0,0.0,AMC
2021-03-31 00:00:00-04:00,104.0,104.69999694824219,100.5,102.0999984741211,2983230,0.0,0.0,AMC
2021-04-01 00:00:00-04:00,102.30000305175781,102.5999984741211,91.5,93.5999984741211,7747390,0.0,0.0,AMC
2021-04-05 00:00:00-04:00,101.0,112.5,97.19999694824219,106.0999984741211,9608230,0.0,0.0,AMC
2021-04-06 00:00:00-04:00,104.0,105.0,100.0,102.0,4406700,0.0,0.0,AMC
2021-04-07 00:00:00-04:00,100.69999694824219,101.80000305175781,98.5,98.5,2880430,0.0,0.0,AMC
2021-04-08 00:00:00-04:00,100.0999984741211,100.0999984741211,95.0,97.9000015258789,3340870,0.0,0.0,AMC
2021-04-09 00:00:00-04:00,96.0,97.4000015258789,92.4000015258789,94.19999694824219,2925460,0.0,0.0,AMC
2021-04-12 00:00:00-04:00,94.4000015258789,94.9000015258789,85.0999984741211,86.19999694824219,5126980,0.0,0.0,AMC
2021-04-13 00:00:00-04:00,86.5999984741211,91.19999694824219,83.0999984741211,88.4000015258789,4404910,0.0,0.0,AMC
2021-04-14 00:00:00-04:00,90.0,98.0999984741211,89.0,93.5,5116630,0.0,0.0,AMC
2021-04-15 00:00:00-04:00,98.80000305175781,102.30000305175781,95.80000305175781,99.0,4519890,0.0,0.0,AMC
2021-04-16 00:00:00-04:00,100.0,100.30000305175781,90.9000015258789,93.30000305175781,4069670,0.0,0.0,AMC
2021-04-19 00:00:00-04:00,94.80000305175781,98.0999984741211,93.80000305175781,96.5999984741211,3281430,0.0,0.0,AMC
2021-04-20 00:00:00-04:00,97.0,97.0999984741211,90.0999984741211,92.80000305175781,2700890,0.0,0.0,AMC
2021-04-21 00:00:00-04:00,92.5,98.0999984741211,91.4000015258789,97.80000305175781,2359820,0.0,0.0,AMC
2021-04-22 00:00:00-04:00,99.5,106.5,97.9000015258789,99.9000015258789,4992350,0.0,0.0,AMC
2021-04-23 00:00:00-04:00,100.9000015258789,103.80000305175781,99.5999984741211,101.5999984741211,2746560,0.0,0.0,AMC
2021-04-26 00:00:00-04:00,106.9000015258789,119.5999984741211,105.69999694824219,115.0,7859290,0.0,0.0,AMC
2021-04-27 00:00:00-04:00,116.80000305175781,122.19999694824219,112.19999694824219,114.5999984741211,5162980,0.0,0.0,AMC
2021-04-28 00:00:00-04:00,108.5,113.9000015258789,106.5,108.5,3972050,0.0,0.0,AMC
2021-04-29 00:00:00-04:00,109.5,110.4000015258789,100.9000015258789,102.0,3778290,0.0,0.0,AMC
2021-04-30 00:00:00-04:00,100.69999694824219,101.80000305175781,98.80000305175781,100.30000305175781,2774100,0.0,0.0,AMC
2021-05-03 00:00:00-04:00,101.0999984741211,101.19999694824219,96.0999984741211,97.0999984741211,3125120,0.0,0.0,AMC
2021-05-04 00:00:00-04:00,96.30000305175781,97.5,90.5,93.9000015258789,3522240,0.0,0.0,AMC
2021-05-05 00:00:00-04:00,94.0999984741211,95.69999694824219,90.80000305175781,91.69999694824219,2760870,0.0,0.0,AMC
2021-05-06 00:00:00-04:00,93.30000305175781,94.0,89.30000305175781,90.0,3958630,0.0,0.0,AMC
2021-05-07 00:00:00-04:00,93.19999694824219,97.9000015258789,91.4000015258789,95.0999984741211,3824500,0.0,0.0,AMC
2021-05-10 00:00:00-04:00,99.0,101.5,95.5999984741211,97.4000015258789,4101530,0.0,0.0,AMC
2021-05-11 00:00:00-04:00,99.30000305175781,104.80000305175781,96.0,100.5,4960100,0.0,0.0,AMC
2021-05-12 00:00:00-04:00,100.30000305175781,106.30000305175781,100.19999694824219,103.19999694824219,5442350,0.0,0.0,AMC
2021-05-13 00:00:00-04:00,108.80000305175781,142.0,106.4000015258789,127.69999694824219,29652500,0.0,0.0,AMC
2021-05-14 00:00:00-04:00,133.10000610351562,143.39999389648438,125.69999694824219,129.8000030517578,20758990,0.0,0.0,AMC
2021-05-17 00:00:00-04:00,136.6999969482422,143.8000030517578,133.89999389648438,139.5,15893310,0.0,0.0,AMC
2021-05-18 00:00:00-04:00,142.5,146.6999969482422,135.6999969482422,140.3000030517578,17248840,0.0,0.0,AMC
2021-05-19 00:00:00-04:00,129.5,133.10000610351562,121.4000015258789,126.4000015258789,8902410,0.0,0.0,AMC
2021-05-20 00:00:00-04:00,125.9000015258789,129.89999389648438,120.30000305175781,125.5,6141970,0.0,0.0,AMC
2021-05-21 00:00:00-04:00,126.0999984741211,128.39999389648438,120.5,120.80000305175781,5393770,0.0,0.0,AMC
2021-05-24 00:00:00-04:00,123.80000305175781,139.60000610351562,121.69999694824219,136.8000030517578,11331920,0.0,0.0,AMC
2021-05-25 00:00:00-04:00,136.10000610351562,166.6999969482422,135.5,164.10000610351562,21364410,0.0,0.0,AMC
2021-05-26 00:00:00-04:00,177.60000610351562,199.5,172.60000610351562,195.60000610351562,37906410,0.0,0.0,AMC
2021-05-27 00:00:00-04:00,186.10000610351562,297.6000061035156,183.10000610351562,265.20001220703125,70554570,0.0,0.0,AMC
2021-05-28 00:00:00-04:00,318.1000061035156,367.20001220703125,241.6999969482422,261.20001220703125,66062360,0.0,0.0,AMC
2021-06-01 00:00:00-04:00,318.8999938964844,335.29998779296875,285.29998779296875,320.3999938964844,50869460,0.0,0.0,AMC
2021-06-02 00:00:00-04:00,375.20001220703125,726.2000122070312,355.8999938964844,625.5,76646250,0.0,0.0,AMC
2021-06-03 00:00:00-04:00,581.0,688.0,376.6000061035156,513.4000244140625,59814220,0.0,0.0,AMC
2021-06-04 00:00:00-04:00,487.8999938964844,574.7999877929688,460.3999938964844,479.1000061035156,33771010,0.0,0.0,AMC
2021-06-07 00:00:00-04:00,523.7999877929688,596.7999877929688,515.0,550.0,34909490,0.0,0.0,AMC
2021-06-08 00:00:00-04:00,571.5999755859375,606.2000122070312,527.7000122070312,550.5,21449030,0.0,0.0,AMC
2021-06-09 00:00:00-04:00,522.0,533.9000244140625,481.20001220703125,493.3999938964844,15036130,0.0,0.0,AMC
2021-06-10 00:00:00-04:00,479.29998779296875,515.0,397.1000061035156,428.1000061035156,22486060,0.0,0.0,AMC
2021-06-11 00:00:00-04:00,446.79998779296875,496.0,420.1000061035156,494.0,21800660,0.0,0.0,AMC
2021-06-14 00:00:00-04:00,518.2999877929688,605.5,515.2000122070312,570.0,30146730,0.0,0.0,AMC
2021-06-15 00:00:00-04:00,583.9000244140625,647.0999755859375,567.2999877929688,590.4000244140625,28558210,0.0,0.0,AMC
2021-06-16 00:00:00-04:00,561.4000244140625,573.4000244140625,518.5999755859375,551.7999877929688,16645070,0.0,0.0,AMC
2021-06-17 00:00:00-04:00,540.0,638.2999877929688,529.7999877929688,607.2999877929688,30357600,0.0,0.0,AMC
2021-06-18 00:00:00-04:00,612.5999755859375,649.5999755859375,568.5,592.5999755859375,24364590,0.0,0.0,AMC
2021-06-21 00:00:00-04:00,613.4000244140625,630.0999755859375,534.2999877929688,556.9000244140625,18587610,0.0,0.0,AMC
2021-06-22 00:00:00-04:00,541.0,587.4000244140625,510.5,582.7000122070312,16949410,0.0,0.0,AMC
2021-06-23 00:00:00-04:00,570.4000244140625,611.0,568.0,583.0,11629180,0.0,0.0,AMC
2021-06-24 00:00:00-04:00,579.7999877929688,587.5999755859375,556.5999755859375,567.0,8035120,0.0,0.0,AMC
2021-06-25 00:00:00-04:00,557.5,562.9000244140625,529.7000122070312,540.5999755859375,7759690,0.0,0.0,AMC
2021-06-28 00:00:00-04:00,551.0,593.5999755859375,543.2999877929688,581.0999755859375,9931020,0.0,0.0,AMC
2021-06-29 00:00:00-04:00,590.5999755859375,610.0,561.7999877929688,564.2999877929688,6360410,0.0,0.0,AMC
2021-06-30 00:00:00-04:00,560.0,581.7999877929688,546.5,566.7999877929688,5902060,0.0,0.0,AMC
2021-07-01 00:00:00-04:00,568.5999755859375,577.0999755859375,525.2999877929688,542.2000122070312,5754990,0.0,0.0,AMC
2021-07-02 00:00:00-04:00,527.7000122070312,532.5,477.70001220703125,519.5999755859375,9027150,0.0,0.0,AMC
2021-07-06 00:00:00-04:00,534.5999755859375,550.7000122070312,497.0,499.6000061035156,6237030,0.0,0.0,AMC
2021-07-07 00:00:00-04:00,477.0,489.8999938964844,428.0,450.70001220703125,9532020,0.0,0.0,AMC
2021-07-08 00:00:00-04:00,409.5,497.8999938964844,387.6000061035156,479.3999938964844,14507820,0.0,0.0,AMC
2021-07-09 00:00:00-04:00,483.70001220703125,489.20001220703125,458.20001220703125,461.8999938964844,5785860,0.0,0.0,AMC
2021-07-12 00:00:00-04:00,442.8999938964844,465.5,420.70001220703125,426.1000061035156,6298640,0.0,0.0,AMC
2021-07-13 00:00:00-04:00,405.70001220703125,421.3999938964844,387.0,393.5,8680730,0.0,0.0,AMC
2021-07-14 00:00:00-04:00,388.0,391.29998779296875,332.3999938964844,334.29998779296875,13783070,0.0,0.0,AMC
2021-07-15 00:00:00-04:00,322.0,374.0,321.3999938964844,360.0,19958450,0.0,0.0,AMC
2021-07-16 00:00:00-04:00,378.29998779296875,385.5,343.0,349.6000061035156,12682570,0.0,0.0,AMC
2021-07-19 00:00:00-04:00,329.5,353.3999938964844,311.5,346.20001220703125,11289130,0.0,0.0,AMC
2021-07-20 00:00:00-04:00,351.3999938964844,443.8999938964844,351.29998779296875,430.8999938964844,16867340,0.0,0.0,AMC
2021-07-21 00:00:00-04:00,418.0,465.5,401.1000061035156,407.79998779296875,15802370,0.0,0.0,AMC
2021-07-22 00:00:00-04:00,401.6000061035156,417.3999938964844,371.5,372.3999938964844,9398590,0.0,0.0,AMC
2021-07-23 00:00:00-04:00,377.79998779296875,384.0,346.8999938964844,369.8999938964844,8547480,0.0,0.0,AMC
2021-07-26 00:00:00-04:00,383.20001220703125,408.5,375.70001220703125,402.8999938964844,9797760,0.0,0.0,AMC
2021-07-27 00:00:00-04:00,399.8999938964844,403.0,370.6000061035156,380.1000061035156,5528890,0.0,0.0,AMC
2021-07-28 00:00:00-04:00,374.1000061035156,395.6000061035156,360.79998779296875,389.0,7102140,0.0,0.0,AMC
2021-07-29 00:00:00-04:00,380.0,402.5,374.70001220703125,381.29998779296875,5944620,0.0,0.0,AMC
2021-07-30 00:00:00-04:00,375.3999938964844,391.8999938964844,367.8999938964844,370.20001220703125,5299620,0.0,0.0,AMC
2021-08-02 00:00:00-04:00,375.79998779296875,384.79998779296875,350.1000061035156,352.0,5906170,0.0,0.0,AMC
2021-08-03 00:00:00-04:00,351.6000061035156,352.1000061035156,327.79998779296875,335.8999938964844,6174010,0.0,0.0,AMC
2021-08-04 00:00:00-04:00,344.29998779296875,352.3999938964844,298.1000061035156,298.3999938964844,8549660,0.0,0.0,AMC
2021-08-05 00:00:00-04:00,310.79998779296875,341.20001220703125,289.1000061035156,335.1000061035156,10856510,0.0,0.0,AMC
2021-08-06 00:00:00-04:00,334.20001220703125,335.79998779296875,315.70001220703125,327.0,5285880,0.0,0.0,AMC
2021-08-09 00:00:00-04:00,326.79998779296875,353.79998779296875,323.5,338.0,8105460,0.0,0.0,AMC
2021-08-10 00:00:00-04:00,369.0,371.6000061035156,314.3999938964844,317.5,11618150,0.0,0.0,AMC
2021-08-11 00:00:00-04:00,315.79998779296875,319.1000061035156,294.0,315.5,6968430,0.0,0.0,AMC
2021-08-12 00:00:00-04:00,309.1000061035156,341.0,307.5,330.70001220703125,7105000,0.0,0.0,AMC
2021-08-13 00:00:00-04:00,322.0,344.79998779296875,318.79998779296875,334.70001220703125,5799080,0.0,0.0,AMC
2021-08-16 00:00:00-04:00,338.5,361.79998779296875,327.1000061035156,356.8999938964844,8650660,0.0,0.0,AMC
2021-08-17 00:00:00-04:00,349.8999938964844,387.79998779296875,345.8999938964844,371.6000061035156,8686890,0.0,0.0,AMC
2021-08-18 00:00:00-04:00,373.20001220703125,387.0,364.8999938964844,365.5,5794800,0.0,0.0,AMC
2021-08-19 00:00:00-04:00,365.8999938964844,367.79998779296875,333.29998779296875,338.20001220703125,4792060,0.0,0.0,AMC
2021-08-20 00:00:00-04:00,339.0,346.0,322.0,344.1000061035156,5543260,0.0,0.0,AMC
2021-08-23 00:00:00-04:00,350.29998779296875,379.29998779296875,344.0,367.79998779296875,7531930,0.0,0.0,AMC
2021-08-24 00:00:00-04:00,371.8999938964844,482.0,363.5,442.6000061035156,22848960,0.0,0.0,AMC
2021-08-25 00:00:00-04:00,449.0,483.0,431.70001220703125,439.6000061035156,20927150,0.0,0.0,AMC
2021-08-26 00:00:00-04:00,427.8999938964844,447.79998779296875,400.70001220703125,403.1000061035156,10971020,0.0,0.0,AMC
2021-08-27 00:00:00-04:00,400.1000061035156,415.79998779296875,393.8999938964844,408.3999938964844,7250740,0.0,0.0,AMC
2021-08-30 00:00:00-04:00,417.79998779296875,457.1000061035156,412.79998779296875,433.29998779296875,10837090,0.0,0.0,AMC
2021-08-31 00:00:00-04:00,441.6000061035156,471.6000061035156,440.5,471.29998779296875,12765960,0.0,0.0,AMC
2021-09-01 00:00:00-04:00,471.6000061035156,478.5,430.5,436.8999938964844,8277240,0.0,0.0,AMC
2021-09-02 00:00:00-04:00,438.70001220703125,449.0,423.70001220703125,443.79998779296875,6784880,0.0,0.0,AMC
2021-09-03 00:00:00-04:00,435.3999938964844,448.0,424.70001220703125,440.20001220703125,5210950,0.0,0.0,AMC
2021-09-07 00:00:00-04:00,450.0,479.29998779296875,448.79998779296875,478.29998779296875,10213370,0.0,0.0,AMC
2021-09-08 00:00:00-04:00,470.29998779296875,494.0,457.29998779296875,474.0,9737290,0.0,0.0,AMC
2021-09-09 00:00:00-04:00,462.29998779296875,490.0,453.6000061035156,485.20001220703125,8596090,0.0,0.0,AMC
2021-09-10 00:00:00-04:00,491.5,517.0,489.5,501.6000061035156,9015270,0.0,0.0,AMC
2021-09-13 00:00:00-04:00,518.2000122070312,527.9000244140625,503.5,516.9000244140625,7511100,0.0,0.0,AMC
2021-09-14 00:00:00-04:00,509.0,515.5,469.6000061035156,473.0,6585030,0.0,0.0,AMC
2021-09-15 00:00:00-04:00,464.29998779296875,477.3999938964844,437.70001220703125,468.3999938964844,7621420,0.0,0.0,AMC
2021-09-16 00:00:00-04:00,464.79998779296875,486.8999938964844,459.5,460.3999938964844,5758190,0.0,0.0,AMC
2021-09-17 00:00:00-04:00,461.0,463.79998779296875,442.0,442.0,6854900,0.0,0.0,AMC
2021-09-20 00:00:00-04:00,419.5,433.29998779296875,385.29998779296875,402.8999938964844,7080760,0.0,0.0,AMC
2021-09-21 00:00:00-04:00,409.70001220703125,414.8999938964844,376.5,388.20001220703125,6469630,0.0,0.0,AMC
2021-09-22 00:00:00-04:00,385.0,405.70001220703125,377.3999938964844,400.79998779296875,5244130,0.0,0.0,AMC
2021-09-23 00:00:00-04:00,410.6000061035156,418.5,398.5,399.79998779296875,4127110,0.0,0.0,AMC
2021-09-24 00:00:00-04:00,398.1000061035156,405.20001220703125,392.5,400.1000061035156,3255590,0.0,0.0,AMC
2021-09-27 00:00:00-04:00,401.20001220703125,406.29998779296875,392.1000061035156,393.0,3122550,0.0,0.0,AMC
2021-09-28 00:00:00-04:00,389.0,391.29998779296875,368.79998779296875,369.8999938964844,3952330,0.0,0.0,AMC
2021-09-29 00:00:00-04:00,372.5,382.6000061035156,353.70001220703125,355.3999938964844,4300780,0.0,0.0,AMC
2021-09-30 00:00:00-04:00,351.8999938964844,417.79998779296875,337.3999938964844,380.6000061035156,10281980,0.0,0.0,AMC
2021-10-01 00:00:00-04:00,394.1000061035156,401.29998779296875,377.5,384.6000061035156,6591900,0.0,0.0,AMC
2021-10-04 00:00:00-04:00,389.0,390.29998779296875,363.29998779296875,367.70001220703125,3994320,0.0,0.0,AMC
2021-10-05 00:00:00-04:00,368.6000061035156,381.0,361.8999938964844,370.6000061035156,3770280,0.0,0.0,AMC
2021-10-06 00:00:00-04:00,363.6000061035156,376.5,356.3999938964844,368.29998779296875,3545050,0.0,0.0,AMC
2021-10-07 00:00:00-04:00,367.79998779296875,385.5,366.0,381.3999938964844,3770430,0.0,0.0,AMC
2021-10-08 00:00:00-04:00,379.20001220703125,387.79998779296875,370.6000061035156,371.8999938964844,2964310,0.0,0.0,AMC
2021-10-11 00:00:00-04:00,368.5,386.6000061035156,363.0,372.5,3735140,0.0,0.0,AMC
2021-10-12 00:00:00-04:00,372.5,375.70001220703125,362.20001220703125,368.20001220703125,2522340,0.0,0.0,AMC
2021-10-13 00:00:00-04:00,367.20001220703125,381.5,361.20001220703125,379.1000061035156,3348450,0.0,0.0,AMC
2021-10-14 00:00:00-04:00,378.0,411.0,377.5,400.70001220703125,6768820,0.0,0.0,AMC
2021-10-15 00:00:00-04:00,402.0,417.8999938964844,397.79998779296875,407.3999938964844,4652470,0.0,0.0,AMC
2021-10-18 00:00:00-04:00,408.0,436.29998779296875,404.8999938964844,430.29998779296875,5009630,0.0,0.0,AMC
2021-10-19 00:00:00-04:00,429.6000061035156,444.3999938964844,407.3999938964844,408.0,5276920,0.0,0.0,AMC
2021-10-20 00:00:00-04:00,406.5,417.5,403.0,408.79998779296875,3122000,0.0,0.0,AMC
2021-10-21 00:00:00-04:00,408.8999938964844,419.3999938964844,388.0,392.3999938964844,3397760,0.0,0.0,AMC
2021-10-22 00:00:00-04:00,373.1000061035156,376.70001220703125,359.6000061035156,366.0,4632420,0.0,0.0,AMC
2021-10-25 00:00:00-04:00,362.29998779296875,378.5,357.79998779296875,368.29998779296875,3090540,0.0,0.0,AMC
2021-10-26 00:00:00-04:00,365.29998779296875,374.0,357.79998779296875,360.5,2767480,0.0,0.0,AMC
2021-10-27 00:00:00-04:00,363.29998779296875,367.8999938964844,345.79998779296875,347.6000061035156,2590410,0.0,0.0,AMC
2021-10-28 00:00:00-04:00,350.8999938964844,360.70001220703125,348.6000061035156,352.29998779296875,2381220,0.0,0.0,AMC
2021-10-29 00:00:00-04:00,353.3999938964844,366.29998779296875,345.29998779296875,353.70001220703125,3284150,0.0,0.0,AMC
2021-11-01 00:00:00-04:00,356.5,371.8999938964844,353.8999938964844,370.70001220703125,3405460,0.0,0.0,AMC
2021-11-02 00:00:00-04:00,376.20001220703125,388.0,366.29998779296875,387.8999938964844,4436170,0.0,0.0,AMC
2021-11-03 00:00:00-04:00,409.8999938964844,442.1000061035156,388.79998779296875,407.8999938964844,8219800,0.0,0.0,AMC
2021-11-04 00:00:00-04:00,403.8999938964844,413.0,391.1000061035156,400.5,2855370,0.0,0.0,AMC
2021-11-05 00:00:00-04:00,411.6000061035156,419.70001220703125,399.29998779296875,417.0,4007700,0.0,0.0,AMC
2021-11-08 00:00:00-05:00,424.79998779296875,459.5,417.70001220703125,450.6000061035156,7034780,0.0,0.0,AMC
2021-11-09 00:00:00-05:00,424.29998779296875,426.0,392.5,399.29998779296875,3789350,0.0,0.0,AMC
2021-11-10 00:00:00-05:00,387.8999938964844,408.70001220703125,380.5,382.8999938964844,3246360,0.0,0.0,AMC
2021-11-11 00:00:00-05:00,380.0,402.0,375.0,394.6000061035156,3047410,0.0,0.0,AMC
2021-11-12 00:00:00-05:00,396.0,404.3999938964844,391.20001220703125,400.0,2362310,0.0,0.0,AMC
2021-11-15 00:00:00-05:00,403.5,432.29998779296875,402.1000061035156,426.79998779296875,3991880,0.0,0.0,AMC
2021-11-16 00:00:00-05:00,419.70001220703125,444.29998779296875,412.29998779296875,426.0,3838820,0.0,0.0,AMC
2021-11-17 00:00:00-05:00,423.3999938964844,440.0,420.20001220703125,421.29998779296875,2332200,0.0,0.0,AMC
2021-11-18 00:00:00-05:00,423.8999938964844,424.0,397.79998779296875,404.1000061035156,2526200,0.0,0.0,AMC
2021-11-19 00:00:00-05:00,402.0,413.79998779296875,396.6000061035156,408.70001220703125,2069230,0.0,0.0,AMC
2021-11-22 00:00:00-05:00,415.1000061035156,429.8999938964844,402.8999938964844,412.3999938964844,2883180,0.0,0.0,AMC
2021-11-23 00:00:00-05:00,412.5,420.29998779296875,380.70001220703125,391.6000061035156,2738650,0.0,0.0,AMC
2021-11-24 00:00:00-05:00,391.3999938964844,393.29998779296875,375.5,388.8999938964844,1827080,0.0,0.0,AMC
2021-11-26 00:00:00-05:00,362.8999938964844,381.6000061035156,361.29998779296875,376.29998779296875,1973180,0.0,0.0,AMC
2021-11-29 00:00:00-05:00,382.6000061035156,384.29998779296875,359.20001220703125,368.3999938964844,2406380,0.0,0.0,AMC
2021-11-30 00:00:00-05:00,367.70001220703125,370.5,327.5,339.3999938964844,4135480,0.0,0.0,AMC
2021-12-01 00:00:00-05:00,347.1000061035156,349.3999938964844,268.5,285.70001220703125,6329610,0.0,0.0,AMC
2021-12-02 00:00:00-05:00,292.70001220703125,312.20001220703125,270.1000061035156,302.79998779296875,5490130,0.0,0.0,AMC
2021-12-03 00:00:00-05:00,308.29998779296875,310.6000061035156,253.10000610351562,290.1000061035156,6618860,0.0,0.0,AMC
2021-12-06 00:00:00-05:00,281.0,304.70001220703125,271.5,287.8999938964844,4506740,0.0,0.0,AMC
2021-12-07 00:00:00-05:00,300.29998779296875,316.79998779296875,295.0,310.3999938964844,4792710,0.0,0.0,AMC
2021-12-08 00:00:00-05:00,307.79998779296875,339.20001220703125,297.70001220703125,323.5,4624150,0.0,0.0,AMC
2021-12-09 00:00:00-05:00,317.5,329.5,293.1000061035156,294.6000061035156,3655680,0.0,0.0,AMC
2021-12-10 00:00:00-05:00,293.5,299.29998779296875,260.0,274.3999938964844,5885890,0.0,0.0,AMC
2021-12-13 00:00:00-05:00,274.8999938964844,276.29998779296875,224.60000610351562,232.39999389648438,8419980,0.0,0.0,AMC
2021-12-14 00:00:00-05:00,209.10000610351562,251.1999969482422,208.0,245.0,10704580,0.0,0.0,AMC
2021-12-15 00:00:00-05:00,246.0,252.8000030517578,225.3000030517578,246.60000610351562,5320820,0.0,0.0,AMC
2021-12-16 00:00:00-05:00,253.5,258.70001220703125,240.8000030517578,244.5,4370240,0.0,0.0,AMC
2021-12-17 00:00:00-05:00,243.89999389648438,307.1000061035156,236.5,291.20001220703125,14475310,0.0,0.0,AMC
2021-12-20 00:00:00-05:00,289.6000061035156,307.0,281.1000061035156,297.0,6693820,0.0,0.0,AMC
2021-12-21 00:00:00-05:00,294.0,322.29998779296875,290.5,303.0,4685250,0.0,0.0,AMC
2021-12-22 00:00:00-05:00,299.3999938964844,304.79998779296875,280.3999938964844,286.79998779296875,3698380,0.0,0.0,AMC
2021-12-23 00:00:00-05:00,288.6000061035156,294.29998779296875,268.20001220703125,285.20001220703125,3700590,0.0,0.0,AMC
2021-12-27 00:00:00-05:00,283.5,293.8999938964844,270.1000061035156,287.0,3078560,0.0,0.0,AMC
2021-12-28 00:00:00-05:00,281.79998779296875,297.3999938964844,275.8999938964844,277.20001220703125,3158810,0.0,0.0,AMC
2021-12-29 00:00:00-05:00,277.5,283.5,266.20001220703125,279.5,3098340,0.0,0.0,AMC
2021-12-30 00:00:00-05:00,279.1000061035156,301.8999938964844,276.79998779296875,289.3999938964844,3605640,0.0,0.0,AMC
